index,foils.AOA.0,foils.GAP_HEIGHT.0,status,Cl,Cd,lift,drag,mesh,error
0,-7.0,0.015,ok,-1.1151208679192968,0.19210515028298303,-174.27039228788527,30.022072820505663,"C:\Users\goodm\OneDrive\1 - Documents\6 - Projects, Schemes and Learning\01_2D_Airfoil_Simulator\2D-Multi-Element-Aerofoil-Mesh-Generator-main\04_Meshes\Batch\EXAMPLE_3_el_wing__foils_AOA_0_neg7p0_foils_GAP_HEIGHT_0_0p015__000.unv",
1,-7.0,0.02,ok,-1.1305822603081457,0.18875094382737667,-176.68668902704434,29.497879532002536,"C:\Users\goodm\OneDrive\1 - Documents\6 - Projects, Schemes and Learning\01_2D_Airfoil_Simulator\2D-Multi-Element-Aerofoil-Mesh-Generator-main\04_Meshes\Batch\EXAMPLE_3_el_wing__foils_AOA_0_neg7p0_foils_GAP_HEIGHT_0_0p02__001.unv",
2,-7.0,0.025,ok,-1.1622050462693343,0.19723389519615164,-181.62867825281765,30.823589870070084,"C:\Users\goodm\OneDrive\1 - Documents\6 - Projects, Schemes and Learning\01_2D_Airfoil_Simulator\2D-Multi-Element-Aerofoil-Mesh-Generator-main\04_Meshes\Batch\EXAMPLE_3_el_wing__foils_AOA_0_neg7p0_foils_GAP_HEIGHT_0_0p025__002.unv",
3,-7.0,0.03,ok,-1.168153776491227,0.19881407760742406,-182.55834209393868,31.070539789689732,"C:\Users\goodm\OneDrive\1 - Documents\6 - Projects, Schemes and Learning\01_2D_Airfoil_Simulator\2D-Multi-Element-Aerofoil-Mesh-Generator-main\04_Meshes\Batch\EXAMPLE_3_el_wing__foils_AOA_0_neg7p0_foils_GAP_HEIGHT_0_0p03__003.unv",
4,-7.0,0.035,ok,-1.1829212406840515,0.19638307318591106,-184.86619216832815,30.69062393807344,"C:\Users\goodm\OneDrive\1 - Documents\6 - Projects, Schemes and Learning\01_2D_Airfoil_Simulator\2D-Multi-Element-Aerofoil-Mesh-Generator-main\04_Meshes\Batch\EXAMPLE_3_el_wing__foils_AOA_0_neg7p0_foils_GAP_HEIGHT_0_0p035__004.unv",
5,-6.0,0.015,ok,-1.1271442163458278,0.17693437906293122,-176.14939366539076,27.65119417596798,"C:\Users\goodm\OneDrive\1 - Documents\6 - Projects, Schemes and Learning\01_2D_Airfoil_Simulator\2D-Multi-Element-Aerofoil-Mesh-Generator-main\04_Meshes\Batch\EXAMPLE_3_el_wing__foils_AOA_0_neg6p0_foils_GAP_HEIGHT_0_0p015__005.unv",
6,-6.0,0.02,ok,-1.165244739131763,0.18286205807368772,-182.10371955354998,28.57756814696962,"C:\Users\goodm\OneDrive\1 - Documents\6 - Projects, Schemes and Learning\01_2D_Airfoil_Simulator\2D-Multi-Element-Aerofoil-Mesh-Generator-main\04_Meshes\Batch\EXAMPLE_3_el_wing__foils_AOA_0_neg6p0_foils_GAP_HEIGHT_0_0p02__006.unv",
7,-6.0,0.025,ok,-1.1690050374992282,0.18727464164268842,-182.69137663223097,29.267163949268323,"C:\Users\goodm\OneDrive\1 - Documents\6 - Projects, Schemes and Learning\01_2D_Airfoil_Simulator\2D-Multi-Element-Aerofoil-Mesh-Generator-main\04_Meshes\Batch\EXAMPLE_3_el_wing__foils_AOA_0_neg6p0_foils_GAP_HEIGHT_0_0p025__007.unv",
8,-6.0,0.03,ok,-1.1813664712022942,0.1887394290937413,-184.62321376545006,29.49608001662671,"C:\Users\goodm\OneDrive\1 - Documents\6 - Projects, Schemes and Learning\01_2D_Airfoil_Simulator\2D-Multi-Element-Aerofoil-Mesh-Generator-main\04_Meshes\Batch\EXAMPLE_3_el_wing__foils_AOA_0_neg6p0_foils_GAP_HEIGHT_0_0p03__008.unv",
9,-6.0,0.035,ok,-1.1858575909478049,0.18907314507609596,-185.3250831523286,29.548232941776607,"C:\Users\goodm\OneDrive\1 - Documents\6 - Projects, Schemes and Learning\01_2D_Airfoil_Simulator\2D-Multi-Element-Aerofoil-Mesh-Generator-main\04_Meshes\Batch\EXAMPLE_3_el_wing__foils_AOA_0_neg6p0_foils_GAP_HEIGHT_0_0p035__009.unv",
10,-5.0,0.015,ok,-1.1518288546700277,0.17408585177390126,-180.0070935147978,27.20602811156793,"C:\Users\goodm\OneDrive\1 - Documents\6 - Projects, Schemes and Learning\01_2D_Airfoil_Simulator\2D-Multi-Element-Aerofoil-Mesh-Generator-main\04_Meshes\Batch\EXAMPLE_3_el_wing__foils_AOA_0_neg5p0_foils_GAP_HEIGHT_0_0p015__010.unv",
11,-5.0,0.02,ok,-1.1688399647637426,0.17469284226247545,-182.66557916829973,27.30088820575325,"C:\Users\goodm\OneDrive\1 - Documents\6 - Projects, Schemes and Learning\01_2D_Airfoil_Simulator\2D-Multi-Element-Aerofoil-Mesh-Generator-main\04_Meshes\Batch\EXAMPLE_3_el_wing__foils_AOA_0_neg5p0_foils_GAP_HEIGHT_0_0p02__011.unv",
12,-5.0,0.025,ok,-1.1893047463617445,0.17736749699251983,-185.863802445947,27.71888157530538,"C:\Users\goodm\OneDrive\1 - Documents\6 - Projects, Schemes and Learning\01_2D_Airfoil_Simulator\2D-Multi-Element-Aerofoil-Mesh-Generator-main\04_Meshes\Batch\EXAMPLE_3_el_wing__foils_AOA_0_neg5p0_foils_GAP_HEIGHT_0_0p025__012.unv",
13,-5.0,0.03,ok,-1.1894330976311558,0.17970256752895958,-185.88386110211104,28.0838049393211,"C:\Users\goodm\OneDrive\1 - Documents\6 - Projects, Schemes and Learning\01_2D_Airfoil_Simulator\2D-Multi-Element-Aerofoil-Mesh-Generator-main\04_Meshes\Batch\EXAMPLE_3_el_wing__foils_AOA_0_neg5p0_foils_GAP_HEIGHT_0_0p03__013.unv",
14,-5.0,0.035,ok,-1.2073683859333013,0.18430725495995062,-188.68677674841516,28.803422613106736,"C:\Users\goodm\OneDrive\1 - Documents\6 - Projects, Schemes and Learning\01_2D_Airfoil_Simulator\2D-Multi-Element-Aerofoil-Mesh-Generator-main\04_Meshes\Batch\EXAMPLE_3_el_wing__foils_AOA_0_neg5p0_foils_GAP_HEIGHT_0_0p035__014.unv",
15,-4.0,0.015,ok,-1.167444836284519,0.16538877743616887,-182.44754936152194,25.846854769738574,"C:\Users\goodm\OneDrive\1 - Documents\6 - Projects, Schemes and Learning\01_2D_Airfoil_Simulator\2D-Multi-Element-Aerofoil-Mesh-Generator-main\04_Meshes\Batch\EXAMPLE_3_el_wing__foils_AOA_0_neg4p0_foils_GAP_HEIGHT_0_0p015__015.unv",
16,-4.0,0.02,ok,-1.177945021663479,0.1655272418934518,-184.08851176993,25.86849390858247,"C:\Users\goodm\OneDrive\1 - Documents\6 - Projects, Schemes and Learning\01_2D_Airfoil_Simulator\2D-Multi-Element-Aerofoil-Mesh-Generator-main\04_Meshes\Batch\EXAMPLE_3_el_wing__foils_AOA_0_neg4p0_foils_GAP_HEIGHT_0_0p02__016.unv",
17,-4.0,0.025,ok,-1.1977717979987312,0.1713865022240884,-187.18702798386798,26.78417545101665,"C:\Users\goodm\OneDrive\1 - Documents\6 - Projects, Schemes and Learning\01_2D_Airfoil_Simulator\2D-Multi-Element-Aerofoil-Mesh-Generator-main\04_Meshes\Batch\EXAMPLE_3_el_wing__foils_AOA_0_neg4p0_foils_GAP_HEIGHT_0_0p025__017.unv",
18,-4.0,0.03,ok,-1.2012594015166063,0.1742619900711314,-187.73206848188929,27.233554894572624,"C:\Users\goodm\OneDrive\1 - Documents\6 - Projects, Schemes and Learning\01_2D_Airfoil_Simulator\2D-Multi-Element-Aerofoil-Mesh-Generator-main\04_Meshes\Batch\EXAMPLE_3_el_wing__foils_AOA_0_neg4p0_foils_GAP_HEIGHT_0_0p03__018.unv",
19,-4.0,0.035,ok,-1.211515569322231,0.17301638708952585,-189.33489597644746,27.038892839109174,"C:\Users\goodm\OneDrive\1 - Documents\6 - Projects, Schemes and Learning\01_2D_Airfoil_Simulator\2D-Multi-Element-Aerofoil-Mesh-Generator-main\04_Meshes\Batch\EXAMPLE_3_el_wing__foils_AOA_0_neg4p0_foils_GAP_HEIGHT_0_0p035__019.unv",
20,-3.0,0.015,ok,-1.1926729367344908,0.16222352830433318,-186.3901811322808,25.352191613696,"C:\Users\goodm\OneDrive\1 - Documents\6 - Projects, Schemes and Learning\01_2D_Airfoil_Simulator\2D-Multi-Element-Aerofoil-Mesh-Generator-main\04_Meshes\Batch\EXAMPLE_3_el_wing__foils_AOA_0_neg3p0_foils_GAP_HEIGHT_0_0p015__020.unv",
21,-3.0,0.02,ok,-1.195896099982906,0.1617193771216775,-186.89389507026607,25.27340318196506,"C:\Users\goodm\OneDrive\1 - Documents\6 - Projects, Schemes and Learning\01_2D_Airfoil_Simulator\2D-Multi-Element-Aerofoil-Mesh-Generator-main\04_Meshes\Batch\EXAMPLE_3_el_wing__foils_AOA_0_neg3p0_foils_GAP_HEIGHT_0_0p02__021.unv",
22,-3.0,0.025,ok,-1.2054058223850448,0.1653659202071341,-188.38006854369584,25.843282656270787,"C:\Users\goodm\OneDrive\1 - Documents\6 - Projects, Schemes and Learning\01_2D_Airfoil_Simulator\2D-Multi-Element-Aerofoil-Mesh-Generator-main\04_Meshes\Batch\EXAMPLE_3_el_wing__foils_AOA_0_neg3p0_foils_GAP_HEIGHT_0_0p025__022.unv",
23,-3.0,0.03,ok,-1.2176991132839912,0.1667958116708848,-190.30125636207634,26.066745200543586,"C:\Users\goodm\OneDrive\1 - Documents\6 - Projects, Schemes and Learning\01_2D_Airfoil_Simulator\2D-Multi-Element-Aerofoil-Mesh-Generator-main\04_Meshes\Batch\EXAMPLE_3_el_wing__foils_AOA_0_neg3p0_foils_GAP_HEIGHT_0_0p03__023.unv",
24,-3.0,0.035,ok,-1.2150438105425572,0.16488064451054635,-189.88628730920925,25.767444073705366,"C:\Users\goodm\OneDrive\1 - Documents\6 - Projects, Schemes and Learning\01_2D_Airfoil_Simulator\2D-Multi-Element-Aerofoil-Mesh-Generator-main\04_Meshes\Batch\EXAMPLE_3_el_wing__foils_AOA_0_neg3p0_foils_GAP_HEIGHT_0_0p035__024.unv",
25,-2.0,0.015,ok,-1.1942807105925528,0.15233231265551025,-186.64144302596006,23.806398614107735,"C:\Users\goodm\OneDrive\1 - Documents\6 - Projects, Schemes and Learning\01_2D_Airfoil_Simulator\2D-Multi-Element-Aerofoil-Mesh-Generator-main\04_Meshes\Batch\EXAMPLE_3_el_wing__foils_AOA_0_neg2p0_foils_GAP_HEIGHT_0_0p015__025.unv",
26,-2.0,0.02,ok,-1.203009612258483,0.1547184928271657,-188.00559032274808,24.17930935997144,"C:\Users\goodm\OneDrive\1 - Documents\6 - Projects, Schemes and Learning\01_2D_Airfoil_Simulator\2D-Multi-Element-Aerofoil-Mesh-Generator-main\04_Meshes\Batch\EXAMPLE_3_el_wing__foils_AOA_0_neg2p0_foils_GAP_HEIGHT_0_0p02__026.unv",
27,-2.0,0.025,ok,-1.214489356492733,0.15411595365833652,-189.79963757683655,24.0851449152538,"C:\Users\goodm\OneDrive\1 - Documents\6 - Projects, Schemes and Learning\01_2D_Airfoil_Simulator\2D-Multi-Element-Aerofoil-Mesh-Generator-main\04_Meshes\Batch\EXAMPLE_3_el_wing__foils_AOA_0_neg2p0_foils_GAP_HEIGHT_0_0p025__027.unv",
28,-2.0,0.03,ok,-1.219337136646089,0.158477906690498,-190.5572456293404,24.766828208899348,"C:\Users\goodm\OneDrive\1 - Documents\6 - Projects, Schemes and Learning\01_2D_Airfoil_Simulator\2D-Multi-Element-Aerofoil-Mesh-Generator-main\04_Meshes\Batch\EXAMPLE_3_el_wing__foils_AOA_0_neg2p0_foils_GAP_HEIGHT_0_0p03__028.unv",
29,-2.0,0.035,ok,-1.21358373903001,0.16019432063497455,-189.6581082457731,25.035068307383426,"C:\Users\goodm\OneDrive\1 - Documents\6 - Projects, Schemes and Learning\01_2D_Airfoil_Simulator\2D-Multi-Element-Aerofoil-Mesh-Generator-main\04_Meshes\Batch\EXAMPLE_3_el_wing__foils_AOA_0_neg2p0_foils_GAP_HEIGHT_0_0p035__029.unv",
